m0 , 10 things i hate about you ,1999,6.9,62847," ['comedy', 'romance']", http://www.dailyscript.com/scripts/10Things.html
m1 , 1492: conquest of paradise ,1992,6.2,10421," ['adventure', 'biography', 'drama', 'history']", http://www.hundland.org/scripts/1492-ConquestOfParadise.txt
m2 , 15 minutes ,2001,6.1,25854," ['action', 'crime', 'drama', 'thriller']", http://www.dailyscript.com/scripts/15minutes.html
m3 , 2001: a space odyssey ,1968,8.4,163227," ['adventure', 'mystery', 'sci-fi']", http://www.scifiscripts.com/scripts/2001.txt
m4 , 48 hrs. ,1982,6.9,22289," ['action', 'comedy', 'crime', 'drama', 'thriller']", http://www.awesomefilm.com/script/48hours.txt
m5 , the fifth element ,1997,7.5,133756," ['action', 'adventure', 'romance', 'sci-fi', 'thriller']", http://www.scifiscripts.com/scripts/5thelement.txt
m6 , 8mm ,1999,6.3,48212," ['crime', 'mystery', 'thriller']", http://www.dailyscript.com/scripts/eight-millimeter.html
m7 , a nightmare on elm street 4: the dream master ,1988,5.2,13590," ['fantasy', 'horror', 'thriller']", http://www.hundland.org/scripts/A-Nightmare-on-Elm-Street-4.txt
m8 , a nightmare on elm street: the dream child ,1989,4.7,11092," ['fantasy', 'horror', 'thriller']", http://www.hundland.org/scripts/A-Nightmare-on-Elm-Street-5.txt
m9 , the atomic submarine ,1959,4.9,513," ['sci-fi', 'thriller']", http://leonscripts.tripod.com/scripts/ATOMICSUB.htm
m10 , affliction ,1997,6.9,7252," ['drama', 'mystery', 'thriller']", http://www.dailyscript.com/scripts/Affliction.txt
m11 , air force one ,1997,6.3,61978," ['action', 'drama', 'thriller']", http://www.dailyscript.com/scripts/AirForceOne_TXT.html
m12 , airplane ii: the sequel ,1982,5.8,15210," ['comedy', 'romance', 'sci-fi']", http://www.dailyscript.com/scripts/Airplane2_script.htm
m13 , airplane! ,1980,7.8,57692," ['comedy', 'romance']", http://www.dailyscript.com/scripts/Airplane_script.htm
m14 , alien nation ,1988,6.1,5590," ['crime', 'drama', 'sci-fi', 'thriller']", http://www.dailyscript.com/scripts/Alien_Nation_Bannon_Cameron_October_1987.html
m15 , aliens ,1986,8.5,173518," ['action', 'sci-fi', 'thriller']", http://www.horrorlair.com/scripts/aliens.html
m16 , amadeus ,1984,8.4,99138," ['biography', 'drama', 'music']", http://www.dailyscript.com/scripts/Amadeus.txt
m17 , an american werewolf in london ,1981,7.5,24443," ['horror', 'romance']", http://www.dailyscript.com/scripts/American%20Werewolf%20In%20London
m18 , american madness ,1932,7.4,702, ['drama'], http://www.dailyscript.com/scripts/American_Madness.html
m19 , american outlaws ,2001,5.7,7425," ['action', 'western']", http://www.dailyscript.com/scripts/American_Outlaws.html
m20 , american psycho ,2000,7.4,101357," ['drama', 'thriller']", http://www.dailyscript.com/scripts/american_psycho_unproduced.html
m21 , antitrust ,2001,6,16453," ['drama', 'thriller']", http://www.dailyscript.com/scripts/Antitrust.txt
m22 , austin powers: international man of mystery ,1997,7.1,75240," ['action', 'adventure', 'comedy', 'crime']", http://www.dailyscript.com/scripts/Austin%20Powers%20-%20International%20Man%20Of%20Mystery.txt
m23 , the avengers ,1998,3.4,21519," ['action', 'adventure', 'thriller']", http://www.dailyscript.com/scripts/Avengers.html
m24 , bachelor party ,1984,5.9,14050," ['comedy', 'romance']", http://www.dailyscript.com/scripts/Bachelor%20Party.txt
m25 , backdraft ,1991,6.6,28541," ['action', 'crime', 'drama', 'mystery', 'thriller']", http://www.dailyscript.com/scripts/Backdraft%20(1991).txt
m26 , bad lieutenant ,1992,6.9,13908," ['crime', 'drama']", http://www.dailyscript.com/scripts/Bad%20Lieutenant.txt
m27 , bamboozled ,2000,6.3,5995," ['comedy', 'drama', 'music']", http://www.awesomefilm.com/script/Bamboozled.txt
m28 , barry lyndon ,1975,8.1,40622," ['drama', 'romance', 'war']", http://www.dailyscript.com/scripts/BarryLyndon.html
m29 , basic ,2003,6.3,26295," ['crime', 'drama', 'mystery', 'thriller']", http://www.dailyscript.com/scripts/Basic.txt
m30 , big fish ,2003,8.1,144264," ['adventure', 'drama', 'fantasy']", http://www.dailyscript.com/scripts/Big+Fish.txt
m31 , birthday girl ,2001,6,13497," ['comedy', 'crime', 'romance', 'thriller']", http://www.dailyscript.com/scripts/Birthday+Girl.txt
m32 , black snake moan ,2006,7.1,28509, ['drama'], http://www.dailyscript.com/scripts/Black%20Snake%20Moan.txt
m33 , black rain ,1989,I ,6.4,16249, http://www.angelfire.com/movies/ridleyscott/script/BlackRain.txt
m34 , blade runner ,1982,8.3,188735," ['drama', 'sci-fi', 'thriller']", http://www.dailyscript.com/scripts/blade-runner_shooting.html
m35 , blast from the past ,1999,6.4,23489," ['comedy', 'drama', 'romance']", http://www.hundland.org/scripts/Blast-from-the-Past.htm
m36 , blue velvet ,1986,7.8,54576," ['crime', 'mystery', 'thriller']", http://www.dailyscript.com/scripts/Blue+Velvet.txt
m37 , the boondock saints ,1999,7.8,87895," ['action', 'crime', 'drama', 'thriller']", http://www.dailyscript.com/scripts/Boondock%20Saints
m38 , bottle rocket ,1996,7.2,22303," ['comedy', 'crime']", http://www.dailyscript.com/scripts/Bottle+Rocket.txt
m39 , the bourne supremacy ,2004,7.6,106349," ['action', 'adventure', 'mystery', 'thriller']", http://www.dailyscript.com/scripts/Bourne+Supremacy
m40 , braveheart ,1995,8.4,245652," ['action', 'biography', 'drama', 'history', 'war']", http://www.dailyscript.com/scripts/Braveheart.txt
m41 , the butterfly effect ,2004,7.8,104917," ['drama', 'mystery', 'sci-fi', 'thriller']", http://www.dailyscript.com/scripts/Butterfly+Effect
m42 , casablanca ,1942,8.8,170874," ['drama', 'romance', 'war']", http://www.dailyscript.com/scripts/Casablanca.txt
m43 , cast away ,2000,7.5,104477," ['adventure', 'drama']", http://www.hundland.org/scripts/CastAway.txt
m44 , the cider house rules ,1999,7.5,38836," ['drama', 'romance']", http://www.dailyscript.com/scripts/Cider%20House%20Rules
m45 , confidence ,2003,6.8,17235," ['crime', 'thriller']", http://www.dailyscript.com/scripts/Confidence.txt
m46 , croupier ,1998,7.2,9060," ['crime', 'drama']", http://www.dailyscript.com/scripts/Croupier.txt
m47 , dark star ,1974,6.5,8303," ['comedy', 'sci-fi', 'thriller']", http://www.dailyscript.com/scripts/Dark+Star.txt
m48 , dark angel ,1990,5.3,3452," ['action', 'crime', 'drama', 'horror', 'sci-fi', 'thriller']", http://www.hundland.org/scripts/DarkAngel.txt
m49 , detroit rock city ,1999,6.5,14666," ['comedy', 'music']", http://www.dailyscript.com/scripts/Detroit+Rock+City.txt
m50 , donnie darko ,2001,8.3,215194," ['drama', 'mystery', 'sci-fi']", http://www.dailyscript.com/scripts/Donnie+Darko.txt
m51 , drop dead gorgeous ,1999,6.3,16417," ['comedy', 'adult']", http://www.dailyscript.com/scripts/Drop+Dead+Gorgeous.txt
m52 , duck soup ,1933,8.1,27112," ['comedy', 'musical']", http://www.dailyscript.com/scripts/Duck%20Soup.txt
m53 , the elephant man ,1980,8.4,59625," ['biography', 'drama', 'history']", http://www.dailyscript.com/scripts/Elephant+Man
m54 , erik the viking ,1989,5.9,5889," ['comedy', 'adventure', 'fantasy']", http://www.dailyscript.com/scripts/Erik+The+Viking.txt
m55 , eternal sunshine of the spotless mind ,2004,8.5,224838," ['drama', 'romance', 'sci-fi']", http://www.dailyscript.com/scripts/Eternal+Sunshine+Of+The+Spotless+Mind.txt
m56 , even cowgirls get the blues ,1993,4,3947," ['comedy', 'drama', 'romance', 'western']", http://www.dailyscript.com/scripts/Even%20Cowgirls%20Get%20The%20Blues.txt
m57 , event horizon ,1997,6.4,45497," ['horror', 'mystery', 'mystery', 'sci-fi', 'sci-fi']", http://www.dailyscript.com/scripts/Event%20Horizon.txt
m58 , fantastic four ,2005,5.7,72581," ['action', 'adventure', 'fantasy', 'sci-fi', 'fantasy']", http://www.dailyscript.com/scripts/Fantastic+Four.txt
m59 , fast times at ridgemont high ,1982,7.2,31710," ['comedy', 'drama', 'romance']", http://www.dailyscript.com/scripts/Fast+Times+At+Ridgemont+High.txt
m60 , fear and loathing in las vegas ,1998,7.6,82748," ['drama', 'fantasy']", http://www.dailyscript.com/scripts/Fear+&+Loathing+In+Las+Vegas.txt
m61 , feast ,2005,6.4,12248," ['action', 'comedy', 'horror', 'thriller']", http://www.dailyscript.com/scripts/Feast%20-%20Revised%20Draft.txt
m62 , frances ,1982,7.2,2756," ['biography', 'drama']", http://www.dailyscript.com/scripts/Frances.txt
m63 , frankenstein ,1931,8,23522," ['drama', 'horror', 'sci-fi']", http://www.dailyscript.com/scripts/Frankenstein+(1994).txt
m64 , friday the 13th ,2009,5.6,27499, ['horror'], http://www.dailyscript.com/scripts/Friday%20The%2013th.txt
m65 , from dusk till dawn ,1996,7.1,81559," ['action', 'crime', 'horror', 'thriller']", http://www.dailyscript.com/scripts/From%20Dusk%20Till%20Dawn.txt
m66 , g.i. jane ,1997,5.6,24068," ['action', 'drama']", http://www.angelfire.com/movies/ridleyscott/script/GIJane.txt
m67 , godzilla ,1998,4.9,60310," ['action', 'horror', 'sci-fi', 'thriller']", http://www.scifiscripts.com/scripts/GODZILLAfirst.txt
m68 , galaxy quest ,1999,7.2,53004," ['action', 'adventure', 'comedy', 'sci-fi']", http://www.scifiscripts.com/scripts/GalaxyQuest.txt
m69 , george washington ,2000,7.5,3142, ['drama'], http://www.fortunecity.com/tattooine/clarke/38/scripts/GeorgeWashington.txt
m70 , get shorty ,1995,6.9,33588," ['comedy', 'crime', 'thriller']", http://www.dailyscript.com/scripts/Get+Shorty.txt
m71 , ghost ship ,2002,5.3,26413," ['horror', 'mystery', 'thriller']", http://www.whiskeyloosetongue.com/scripts/ghostship.html
m72 , ghost world ,2001,7.7,43550," ['comedy', 'drama']", http://www.dailyscript.com/scripts/Ghost%20World.txt
m73 , the ghost and the darkness ,1996,6.6,19954," ['adventure', 'drama', 'thriller']", http://www.dailyscript.com/scripts/Ghost%20And%20The%20Darkness
m74 , ghostbusters ii ,1989,6.1,45450," ['action', 'adventure', 'comedy', 'fantasy', 'sci-fi', 'action', 'adventure', 'comedy', 'sci-fi']", http://www.scifiscripts.com/scripts/Ghostbusters-2.txt
m75 , ghostbusters ,1986,6.9,237," ['animation', 'comedy', 'fantasy', 'sci-fi', 'horror']", http://www.scifiscripts.com/scripts/Ghostbusters.txt
m76 , gladiator ,2000,8.4,286067," ['action', 'adventure', 'drama']", http://www.angelfire.com/movies/ridleyscott/script/gladiator_seconddraft.txt
m77 , the graduate ,1967,8.2,79677," ['comedy', 'drama', 'romance']", http://www.dailyscript.com/scripts/Graduate
m78 , grand hotel ,1932,7.7,6088," ['drama', 'romance']", http://www.dailyscript.com/scripts/Grand%20Hotel.txt
m79 , the grifters ,1990,7,11481," ['crime', 'drama', 'thriller']", http://www.dailyscript.com/scripts/Grifters_Westlake.html
m80 , halloween h20: 20 years later ,1998,5.4,22353," ['drama', 'horror', 'thriller']", http://www.horrorlair.com/scripts/H20.txt
m81 , halloween: the curse of michael myers ,1995,4.5,8743," ['horror', 'thriller']", http://www.dailyscript.com/scripts/Halloween_6_The_Curse_of_Michael_Myers.html
m82 ," happy birthday, wanda june ",1971,5.8,144," ['comedy', 'drama']", wanda june 
m83 , hardcore ,1979,6.7,2455, ['drama'], http://www.dailyscript.com/scripts/Hardcore.txt
m84 , harold and maude ,1971,8.1,28689," ['comedy', 'romance']", http://home.online.no/~bhundlan/scripts/Harold-and-Maude.htm
m85 , hellbound: hellraiser ii ,1988,6.2,11273," ['drama', 'horror', 'thriller']", http://www.dailyscript.com/scripts/Hellbound+-+Hellraiser+II.txt
m86 , hellboy ,2004,6.8,68619," ['action', 'adventure', 'fantasy']", http://www.dailyscript.com/scripts/Hellboy.txt
m87 , hellraiser ,1987,7,22922, ['horror'], http://www.dailyscript.com/scripts/Hellraiser.txt
m88 , high fidelity ,2000,7.6,70464," ['comedy', 'drama', 'music', 'romance']", http://www.dailyscript.com/scripts/High%20Fidelity.txt
m89 , highlander ,1986,7.2,41243," ['action', 'fantasy']", http://www.scifiscripts.com/scripts/Highlander_final.txt
m90 , his girl friday ,1940,8.1,20870," ['comedy', 'drama', 'romance']", http://www.dailyscript.com/scripts/His%20Girl%20Friday.txt
m91 , hope and glory ,1987,7.4,4965," ['drama', 'war']", http://www.dailyscript.com/scripts/Hope+And+Glory.txt
m92 , house of 1000 corpses ,2003,5.6,27033, ['horror'], http://www.dailyscript.com/scripts/House%20Of%201000%20Corpses.txt
m93 , human nature ,2001,6.3,10017," ['comedy', 'drama']", http://www.dailyscript.com/scripts/Human+Nature.txt
m94 , the hustler ,1961,8.2,25871," ['drama', 'romance', 'sport']", http://www.dailyscript.com/scripts/Hustler
m95 , i am legend ,2007,7.1,156084," ['drama', 'sci-fi', 'thriller']", http://www.horrorlair.com/scripts/legend.txt
m96 , invaders from mars ,1953,6.4,2115," ['horror', 'sci-fi']", http://leonscripts.tripod.com/scripts/INVADERSold.htm
m97 , independence day ,1996,6.6,151698," ['action', 'adventure', 'sci-fi', 'thriller']", http://www.dailyscript.com/scripts/Independence+Day.txt
m98 , indiana jones and the last crusade ,1989,8.3,174947," ['action', 'adventure', 'thriller', 'action', 'adventure', 'fantasy']", http://www.dailyscript.com/scripts/Indiana%20Jones%20And%20The%20Last%20Crusade.txt
m99 , indiana jones and the temple of doom ,1984,7.5,112054," ['action', 'adventure']", http://www.dailyscript.com/scripts/Indiana%20Jones%20And%20The%20Temple%20Of%20Doom.txt
m100 , innerspace ,1987,6.5,16854," ['action', 'adventure', 'comedy', 'crime', 'sci-fi']", http://www.scifiscripts.com/scripts/InnerSpace.txt
m101 , the insider ,1999,8,69660," ['biography', 'drama', 'thriller']", http://www.dailyscript.com/scripts/Insider
m102 , intolerable cruelty ,2003,6.4,36739," ['comedy', 'romance', 'crime']", http://www.dailyscript.com/scripts/Intolerable%20Cruelty.txt
m103 , it happened one night ,1934,8.3,25577," ['comedy', 'romance']", http://www.dailyscript.com/scripts/It+Happened+One+Night.txt
m104 , jfk ,1991,8,60406," ['biography', 'drama', 'history', 'mystery', 'thriller']", http://www.dailyscript.com/scripts/JFK.txt
m105 , jackie brown ,1997,7.6,85496," ['crime', 'drama', 'thriller']", http://www.dailyscript.com/scripts/Jackie+Brown.txt
m106 , jacob's ladder ,1990,I ,7.5,29182, http://www.dailyscript.com/scripts/Jacobs+Ladder.txt
m107 , jason x ,2001,4.4,18199," ['horror', 'sci-fi']", http://www.dailyscript.com/scripts/Jason+X.txt
m108 , jaws ,1975,8.3,140982, ['thriller'], http://www.dailyscript.com/scripts/Jaws.txt
m109 , juno ,2007,7.9,152436," ['comedy', 'drama']", http://www.dailyscript.com/scripts/Juno.txt
m110 , kalifornia ,1993,6.7,21830," ['crime', 'drama', 'thriller']", http://www.dailyscript.com/scripts/Kalifornia.txt
m111 , kids ,1995,6.8,26546," ['crime', 'drama']", http://www.dailyscript.com/scripts/Kids.txt
m112 , knight moves ,1992,5.8,3272," ['mystery', 'thriller']", http://www.scifiscripts.com/msol/Knight_m.txt
m113 , krull ,1983,5.9,8246," ['fantasy', 'action', 'adventure', 'sci-fi']", http://www.dailyscript.com/scripts/Krull.html
m114 , l?on ,1994,8.6,204901," ['crime', 'drama', 'thriller']", http://www.scifiscripts.com/msol/LEON.txt
m115 , labor of love ,1998,4.5,45, [], http://www.fortunecity.com/tattooine/clarke/38/scripts/LaborOfLove.txt
m116 , leaving las vegas ,1995,7.6,42919," ['drama', 'romance']", http://www.dailyscript.com/scripts/Leaving+Las+Vegas.txt
m117 , legally blonde ,2001,6.2,44558, ['comedy'], http://www.dailyscript.com/scripts/Legally%20Blonde.txt
m118 , legend ,1985,6.2,20907," ['fantasy', 'adventure', 'romance']", http://www.angelfire.com/movies/ridleyscott/script/LegendOfDarkness.txt
m119 , life as a house ,2001,7.5,19468," ['drama', 'romance']", http://www.dailyscript.com/scripts/LifeAsAHouse.html
m120 , the life of david gale ,2003,7.3,38237," ['drama', 'crime', 'thriller']", http://www.dailyscript.com/scripts/Life.txt
m121 , little nicky ,2000,5,35489," ['fantasy', 'comedy', 'romance', 'animation', 'comedy', 'fantasy', 'horror']", http://www.dailyscript.com/scripts/Little+Nicky.txt
m122 , logan's run ,1976,6.7,15152," ['action', 'sci-fi']", http://www.dailyscript.com/scripts/Logans+Run.txt
m123 , lost highway ,1997,7.6,42998," ['drama', 'horror', 'mystery', 'thriller']", http://www.dailyscript.com/scripts/Lost+Highway.txt
m124 , lost horizon ,1937,7.8,5509," ['adventure', 'drama', 'fantasy', 'mystery']", http://www.dailyscript.com/scripts/Lost_Horizon.html
m125 , men in black ,1997,7,121719," ['action', 'adventure', 'comedy', 'sci-fi']", http://www.dailyscript.com/scripts/Men+In+Black.txt
m126 , minority report ,2002,7.7,137009," ['action', 'crime', 'mystery', 'sci-fi', 'thriller', 'action', 'animation', 'drama', 'mystery', 'sci-fi', 'thriller']", http://www.dailyscript.com/scripts/Minority%20Report.txt
m127 , made ,2001,6.4,9774," ['comedy', 'crime', 'drama', 'thriller']", http://www.dailyscript.com/scripts/Made.txt
m128 , malcolm x ,1992,7.7,23317," ['biography', 'drama', 'history']", http://www.dailyscript.com/scripts/Malcolm+X.txt
m129 , man on fire ,2004,7.7,76517," ['action', 'crime', 'drama', 'thriller']", http://www.dailyscript.com/scripts/Man+On+Fire.txt
m130 , marty ,1955,7.7,6379," ['drama', 'romance']", http://www.dailyscript.com/scripts/Marty.txt
m131 , mash ,1970,7.8,29358," ['comedy', 'war', 'drama']", http://www.dailyscript.com/scripts/MASH.txt
m132 , meet john doe ,1941,7.7,4841," ['comedy', 'drama', 'romance']", http://www.dailyscript.com/scripts/Meet_John_Doe.html
m133 , metro ,1997,5.3,9601," ['action', 'comedy', 'crime', 'drama', 'thriller']", http://www.dailyscript.com/scripts/Metro.txt
m134 , metropolis ,1927,8.4,40730," ['adventure', 'drama', 'sci-fi']", http://www.angelfire.com/movies/ridleyscott/script/Metropolis.txt
m135 , mighty morphin power rangers ,1994,8.2,35," ['action', 'family']", http://www.hundland.org/scripts/MightyMorphinPowerRangers.txt
m136 , mobsters ,1991,5.5,3574," ['crime', 'drama']", http://www.dailyscript.com/scripts/Mobsters.txt
m137 , monkeybone ,2001,4.5,8258," ['animation', 'comedy', 'fantasy', 'romance']", http://www.dailyscript.com/scripts/MonkeyBone_script.htm
m138 , my mother dreams the satan's disciples in new york ,1998,6.7,70, ['short'], http://www.moviemalls.com/papers/MotherDreamsFD.txt
m139 , mr. smith goes to washington ,1939,8.4,33984, ['drama'], http://www.dailyscript.com/scripts/Mr%20Smith%20Goes%20To%20Washington.txt
m140 , mr. deeds goes to town ,1936,8,7594," ['comedy', 'romance']", http://www.dailyscript.com/scripts/Mr._Deeds_Goes_to_Town.html
m141 , mumford ,1999,6.8,6333," ['comedy', 'drama']", http://www.dailyscript.com/scripts/Mumford.txt
m142 , the mummy ,1999,6.9,96736," ['action', 'adventure', 'fantasy']", http://www.dailyscript.com/scripts/Mummy
m143 , mystery men ,1999,5.9,31817," ['action', 'comedy', 'fantasy']", http://www.dailyscript.com/scripts/Mystery+Men.txt
m144 , napoleon ,1995,5.5,486," ['family', 'adventure']", http://web.archive.org/web/20010625040837/www.interlink.es/cookies/guion/Napoleon.txt
m145 , next friday ,2000,5.4,10267, ['comedy'], http://www.dailyscript.com/scripts/Next_Friday.html
m146 , nick of time ,1995,6.2,15945," ['crime', 'drama', 'thriller']", http://www.dailyscript.com/scripts/Nick-Of-Time-script.html
m147 , the night of the hunter ,1955,8.2,26211," ['drama', 'film-noir', 'thriller']", http://www.dailyscript.com/scripts/Night+Of+The+Hunter
m148 , a nightmare on elm street ,1984,7.4,47161, ['horror'], http://www.dailyscript.com/scripts/Nightmare+On+Elm+Street
m149 , ninotchka ,1939,7.9,6951," ['comedy', 'romance']", http://www.dailyscript.com/scripts/Ninotchka.txt
m150 , nixon ,1995,7.1,13878," ['biography', 'drama']", http://home.online.no/~bhundlan/scripts/Nixon.txt
m151 , no country for old men ,2007,8.3,202649," ['crime', 'drama', 'mystery', 'thriller', 'western']", http://www.dailyscript.com/scripts/No%20Country%20For%20Old%20Men%20(Shooting).txt
m152 , nurse betty ,2000,6.4,20473," ['comedy', 'crime', 'romance', 'thriller']", http://www.dailyscript.com/scripts/Nurse%20Betty.txt
m153 ," o brother, where art thou? ",2000,7.8,95628," ['comedy', 'adventure', 'crime', 'music']", where art thou? 
m154 , an officer and a gentleman ,1982,6.8,16883," ['drama', 'romance']", http://www.dailyscript.com/scripts/Officer+And+A+Gentleman
m155 , panic room ,2002,6.9,69824, ['thriller'], http://www.dailyscript.com/scripts/Panic_Room_Koepp.html
m156 , panther ,1995,I ,5.9,1129, http://www.dailyscript.com/scripts/Panther.txt
m157 , the patriot ,2000,6.9,79207," ['action', 'drama', 'war']", http://www.dailyscript.com/scripts/Patriot_1999.html
m158 , pet sematary ,1989,6.3,19851," ['drama', 'fantasy', 'horror', 'mystery', 'thriller']", http://www.dailyscript.com/scripts/Pet-Sematary.html
m159 , pirates of the caribbean ,2003,7.2,329," ['adventure', 'fantasy', 'horror']", http://www.wordplayer.com/archives/PIRATES.cover.html
m160 , plastic man ,1999,6.7,29, ['drama'], http://www.scifiscripts.com/scripts/PlasticMan.txt
m161 , platinum blonde ,1931,6.9,1119," ['comedy', 'romance']", http://www.dailyscript.com/scripts/Platinum_Blonde.html
m162 , pleasantville ,1998,7.5,49669," ['comedy', 'drama', 'fantasy']", http://www.hundland.org/scripts/Pleasantville.htm
m163 , punch-drunk love ,2002,7.4,50312," ['comedy', 'drama', 'romance']", http://www.dailyscript.com/scripts/Punch-Drunk_Love.html
m164 , quills ,2000,7.3,22657," ['biography', 'drama', 'history', 'romance']", http://www.dailyscript.com/scripts/Quills.txt
m165 , rko 281 ,1999,7.1,3543," ['biography', 'drama']", http://www.dailyscript.com/scripts/RKO218.html
m166 , raging bull ,1980,8.4,91851," ['biography', 'drama', 'sport']", http://www.dailyscript.com/scripts/Raging+Bull.txt
m167 , rear window ,1954,8.7,121165," ['crime', 'mystery', 'romance', 'thriller']", http://www.dailyscript.com/scripts/Rear+Window.txt
m168 , rebel without a cause ,1955,7.9,27791," ['drama', 'romance']", http://www.dailyscript.com/scripts/Rebel_Without_A_Cause.html
m169 , reindeer games ,2000,5.5,16951," ['action', 'crime', 'drama', 'thriller']", http://www.dailyscript.com/scripts/Reindeer+Games.txt
m170 , reservoir dogs ,1992,8.4,217185," ['crime', 'mystery', 'thriller']", http://www.dailyscript.com/scripts/Reservoir+Dogs.txt
m171 , roughshod ,1949,6.9,115," ['action', 'drama', 'romance', 'western']", http://www.dailyscript.com/scripts/Roughshod.txt
m172 , scary movie 2 ,2001,4.7,44511, ['comedy'], http://www.dailyscript.com/scripts/Scary+Movie+2.txt
m173 , serial mom ,1994,6.4,11077," ['comedy', 'thriller']", http://www.dailyscript.com/scripts/Serial+Mom.txt
m174 , the seventh victim ,1943,6.9,1596," ['drama', 'horror', 'thriller']", http://www.dailyscript.com/scripts/SeventhVictim.htm
m175 ," sex, lies, and videotape ",1989,7.1,18505, ['drama'], lies
m176 , shivers ,1975,6.5,4940," ['horror', 'sci-fi']", http://www.dailyscript.com/scripts/Shivers.txt
m177 , shock treatment ,1981,5.4,1884," ['comedy', 'musical']", http://www.horrorlair.com/scripts/ShockTreatmentShootingScript.txt
m178 , sideways ,2004,7.8,70349," ['comedy', 'drama', 'romance']", http://www.dailyscript.com/scripts/Sideways.txt
m179 , signs ,2002,6.9,113119," ['drama', 'mystery', 'sci-fi', 'thriller']", http://www.dailyscript.com/scripts/Signs.txt
m180 , silverado ,1985,7,14355," ['action', 'western']", http://www.dailyscript.com/scripts/Silverado.txt
m181 , simone ,2010,8.3,9," ['short', 'drama', 'horror', 'thriller']", http://www.dailyscript.com/scripts/Simone_Andrew_Niccol.html
m182 , the sixth sense ,1999,8.2,244162," ['drama', 'mystery', 'thriller']", http://www.dailyscript.com/scripts/Sixth%20Sense
m183 , slash ,2002,4.2,899," ['comedy', 'horror', 'thriller']", http://www.dailyscript.com/scripts/Slash.txt
m184 , slither ,2006,6.6,26497," ['comedy', 'horror', 'sci-fi']", http://www.dailyscript.com/scripts/SliTHER.html
m185 , smokey and the bandit ,1977,6.6,14147," ['action', 'comedy', 'crime', 'romance']", http://www.dailyscript.com/scripts/Smokey%20And%20The%20Bandit.txt
m186 , smokin' aces ,2006,6.6,58048," ['action', 'crime', 'drama', 'thriller']", http://www.dailyscript.com/scripts/Smokin'+Aces.txt
m187 , solaris ,2002,6.2,33541," ['drama', 'mystery', 'romance', 'sci-fi']", http://www.dailyscript.com/scripts/Solaris.txt
m188 , someone to watch over me ,1987,6.1,3909," ['action', 'crime', 'drama', 'romance', 'thriller']", http://www.angelfire.com/movies/ridleyscott/script/SomeoneToWatchOverMe.txt
m189 , spider-man ,2002,7.4,169898," ['action', 'adventure', 'fantasy', 'sci-fi', 'action', 'adventure', 'sci-fi', 'thriller']", http://www.dailyscript.com/scripts/Spider-Man%20(Unproduced).txt
m190 , stalag 17 ,1953,8.2,21182," ['drama', 'war']", http://www.dailyscript.com/scripts/Stalag%2017.txt
m191 , star trek: generations ,1994,6.5,26662," ['action', 'mystery', 'sci-fi', 'thriller']", http://www.scifiscripts.com/scripts/StarTrekGenerations.txt
m192 , star trek iii: the search for spock ,1984,6.5,22466," ['action', 'adventure', 'sci-fi', 'thriller']", http://www.scifiscripts.com/scripts/Trek/Star_Trek_III.htm
m193 , star trek: the wrath of khan ,1982,7.8,36503," ['action', 'adventure', 'sci-fi', 'thriller']", http://www.scifiscripts.com/scripts/startrek2_wrathofkhan.txt
m194 , star trek iv: the voyage home ,1986,7.3,26423," ['adventure', 'comedy', 'sci-fi']", http://www.scifiscripts.com/scripts/Trek/Star_Trek_IV.htm
m195 , star trek: insurrection ,1998,6.3,26728," ['action', 'adventure', 'sci-fi', 'thriller']", http://www.scifiscripts.com/scripts/Trek/Star_Trek_IX.htm
m196 , star trek: first contact ,1996,7.6,45429," ['action', 'adventure', 'sci-fi', 'thriller']", http://www.scifiscripts.com/scripts/Trek/Star_Trek_VIII.htm
m197 , star trek vi: the undiscovered country ,1991,7.2,23751," ['action', 'mystery', 'sci-fi', 'thriller']", http://www.scifiscripts.com/scripts/StarTrek6-TheUndiscoveredCountry.txt
m198 , star trek: nemesis ,2002,6.4,28682," ['action', 'sci-fi', 'thriller']", http://www.scifiscripts.com/scripts/Trek/Star_Trek_X.htm
m199 , starman ,1984,6.9,14204," ['adventure', 'drama', 'romance', 'sci-fi']", http://www.dailyscript.com/scripts/Starman.txt
m200 , strange days ,1995,7.1,27744," ['action', 'crime', 'drama', 'fantasy', 'music', 'mystery', 'sci-fi', 'thriller']", http://www.scifiscripts.com/scripts/StrangeDays.txt
m201 , suspect zero ,2004,5.8,9914," ['crime', 'horror', 'sci-fi', 'thriller']", http://www.dailyscript.com/scripts/Suspect%20Zero%20(Unproduced).txt
m202 , swingers ,1996,7.6,32427," ['comedy', 'drama']", http://www.dailyscript.com/scripts/Swingers.txt
m203 , the godfather ,1972,9.2,419312," ['crime', 'drama', 'thriller']", http://www.dailyscript.com/scripts/Godfather
m204 , the talented mr. ripley ,1999,7.2,64055," ['crime', 'drama', 'thriller']", http://www.dailyscript.com/scripts/Talented%20Mr%20Ripley
m205 , taxi driver ,1976,8.6,159525," ['drama', 'thriller']", http://www.dailyscript.com/scripts/Taxi%20Driver.txt
m206 , the rock ,1996,7.3,109533," ['action', 'adventure', 'thriller']", http://www.awesomefilm.com/script/The-Rock.txt
m207 , the majestic ,2001,6.8,25057," ['drama', 'romance']", http://www.dailyscript.com/scripts/Majestic
m208 , the birds ,1963,7.9,53233," ['horror', 'romance', 'thriller']", http://www.dailyscript.com/scripts/Birds
m209 , the body snatcher ,1945,7.4,2927," ['drama', 'horror', 'thriller']", http://www.dailyscript.com/scripts/TheBodySnatcher.htm
m210 , the crow: salvation ,2000,4.7,4566," ['action', 'crime', 'fantasy', 'mystery', 'thriller']", http://www.hundland.org/scripts/TheCrowSalvation.htm
m211 , the day the earth stood still ,2008,5.5,52489," ['drama', 'sci-fi', 'thriller']", http://www.dailyscript.com/scripts/Day%20The%20Earth%20Stood%20Still
m212 , the lost boys ,1987,7,34826," ['comedy', 'fantasy', 'horror', 'thriller']", http://home.online.no/~bhundlan/scripts/TheLostBoys.htm
m213 , the thing ,1982,8.2,80904," ['horror', 'mystery', 'sci-fi', 'thriller']", http://www.dailyscript.com/scripts/Thing
m214 , the time machine ,2002,5.7,32900," ['sci-fi', 'adventure', 'action']", http://www.dailyscript.com/scripts/TheTimeMachine_1959.html
m215 , the jacket ,2005,7.1,36581," ['drama', 'fantasy', 'mystery', 'sci-fi', 'thriller']", http://www.dailyscript.com/scripts/The_Jacket.html
m216 , thelma & louise ,1991,7.3,44372," ['crime', 'drama', 'thriller']", http://www.dailyscript.com/scripts/Thelma%20And%20Louise.txt
m217 , there's something about mary ,1998,7.2,97546," ['comedy', 'romance']", http://www.dailyscript.com/scripts/There's+Something+About+Mary.txt
m218 , thirteen days ,2000,7.3,23732," ['drama', 'history', 'thriller']", http://www.dailyscript.com/scripts/Thirteen+Days.txt
m219 , thunderheart ,1992,6.6,6662," ['crime', 'mystery', 'thriller', 'western']", http://www.dailyscript.com/scripts/Thunderheart.txt
m220 , top gun ,1986,6.5,81087," ['action', 'drama', 'romance']", http://www.dailyscript.com/scripts/TopGun.html
m221 , total recall ,1990,7.4,71383," ['action', 'adventure', 'sci-fi', 'thriller']", http://www.scifiscripts.com/scripts/totalrecall_5th_draft.txt
m222 , tremors ,1990,7.1,30553," ['action', 'comedy', 'horror', 'thriller']", http://home.online.no/~bhundlan/scripts/Tremors.htm
m223 , true believer ,1989,6.7,1801," ['drama', 'crime']", http://www.dailyscript.com/scripts/True%20Believer.txt
m224 , twin peaks: fire walk with me ,1992,7,21274," ['drama', 'horror', 'mystery', 'thriller']", http://www.dailyscript.com/scripts/Twin+Peaks+-+Fire+Walk+With+Me.txt
m225 , the verdict ,1982,7.7,10991, ['drama'], http://www.dailyscript.com/scripts/Verdict
m226 , the war of the worlds ,1953,7.1,12239," ['action', 'horror', 'sci-fi', 'thriller']", http://www.scifiscripts.com/scripts/WARWORLDS.txt
m227 , new nightmare ,1994,6.3,14975," ['fantasy', 'horror', 'mystery', 'thriller']", http://www.hundland.org/scripts/WesCravensNewNightmare.txt
m228 , white squall ,1996,6.4,8465," ['adventure', 'drama']", http://www.angelfire.com/movies/ridleyscott/script/WhiteSquall.txt
m229 , wild at heart ,1990,7.2,29388," ['crime', 'romance', 'thriller']", http://www.dailyscript.com/scripts/Wild+At+Heart.txt
m230 , wonder boys ,2000,7.5,31853," ['drama', 'comedy']", http://www.dailyscript.com/scripts/Wonder+Boys.txt
m231 , the woodsman ,2004,7.4,16090, ['drama'], http://www.dailyscript.com/scripts/Woodsman
m232 , the abyss ,1989,7.6,51699," ['action', 'adventure', 'drama', 'sci-fi', 'thriller']", http://www.dailyscript.com/scripts/abyss.html
m233 , l'avventura ,1960,7.9,6963," ['drama', 'mystery']", http://www.aellea.com/script/adventure.txt
m234 , agnes of god ,1985,6.5,3490," ['drama', 'mystery', 'thriller']", http://www.awesomefilm.com/script/agnesofgod.txt
m235 , a hard day's night ,1964,7.6,15431," ['comedy', 'music']", http://www.dailyscript.com/scripts/Hard+Day's+Night
m236 , alien ,1979,8.5,184471," ['adventure', 'horror', 'sci-fi', 'thriller']", http://www.horrorlair.com/scripts/alien.html
m237 , alien vs. predator ,1993,7.8,116," ['action', 'adventure', 'sci-fi']", http://www.scifiscripts.com/scripts/aliens_vs_predator.txt
m238 , all about eve ,1950,8.5,35597, ['drama'], http://www.dailyscript.com/scripts/All%20About%20Eve.txt
m239 , all the president's men ,1976,8,32717," ['drama', 'history', 'thriller']", http://www.dailyscript.com/scripts/All%20The%20President's%20Men.txt
m240 , american pie ,1999,6.9,107961," ['comedy', 'romance']", http://www.dailyscript.com/scripts/american-pie_production.html
m241 , an american werewolf in paris ,1997,4.9,10158," ['horror', 'romance', 'thriller', 'comedy']", http://www.scifiscripts.com/scripts/american_werewolf_paris.txt
m242 , anastasia ,1997,6.6,16844," ['animation', 'adventure', 'drama', 'family', 'musical', 'animation', 'family']", http://www.moviescriptsandscreenplays.com/johncusack/scripts/anastasia.txt
m243 , annie hall ,1977,8.3,66781," ['comedy', 'drama', 'romance']", http://www.dailyscript.com/scripts/Annie%20Hall.txt
m244 , the anniversary party ,2001,6.2,5809," ['drama', 'comedy']", http://www.dailyscript.com/scripts/anniversaryparty.html
m245 , antz ,1998,6.8,37825," ['animation', 'adventure', 'comedy', 'family']", http://www.dailyscript.com/scripts/antz.html
m246 , the apartment ,1960,8.4,37301," ['romance', 'comedy', 'drama']", http://www.dailyscript.com/scripts/apartment.html
m247 , apocalypse now ,1979,8.6,176465," ['drama', 'war']", http://www.dailyscript.com/scripts/apocalypsenowredux.html
m248 , arctic blue ,1993,4.8,464," ['action', 'thriller']", http://www.awesomefilm.com/script/arcticblue.txt
m249 , as good as it gets ,1997,7.8,93201," ['comedy', 'drama', 'romance']", http://www.dailyscript.com/scripts/As+Good+As+It+Gets.txt
m250 , assassins ,1995,6,23681," ['action', 'thriller', 'crime']", http://www.dailyscript.com/scripts/assassins_shooting.html
m251 , asylum ,2005,6.1,2395," ['drama', 'romance', 'thriller']", http://www.awesomefilm.com/script/asylum.txt
m252 , a walk to remember ,2002,7.1,38751," ['drama', 'romance']", http://www.dailyscript.com/scripts/awalktoremember.html
m253 , back to the future ,1985,8.4,207376," ['adventure', 'family', 'sci-fi']", http://www.scifiscripts.com/scripts/backtothefuture_early.txt
m254 , badlands ,1973,7.9,16753," ['crime', 'drama', 'romance', 'thriller']", http://www.dailyscript.com/scripts/Badlands.txt
m255 , the adventures of buckaroo banzai across the 8th dimension ,1984,6,10046," ['adventure', 'romance', 'comedy', 'sci-fi']", http://www.scifiscripts.com/scripts/banzai_script.txt
m256 , barton fink ,1991,7.8,33119," ['drama', 'mystery', 'thriller']", http://www.dailyscript.com/scripts/Barton%20Fink.txt
m257 , basic instinct ,1992,6.9,57615," ['mystery', 'romance', 'thriller']", http://www.dailyscript.com/scripts/basic_instinct.html
m258 , basquiat ,1996,6.7,8016," ['biography', 'drama']", http://www.awesomefilm.com/script/basquiat.txt
m259 , batman returns ,1992,6.9,79770," ['action', 'crime', 'fantasy', 'thriller', 'animation', 'crime', 'fantasy', 'action', 'thriller']", http://www.dailyscript.com/scripts/batman-returns_shooting.html
m260 , batman and robin ,1949,6.5,443," ['action', 'adventure', 'crime', 'drama', 'sci-fi']", http://www.scifiscripts.com/scripts/batmanandrobin.txt
m261 , batman forever ,1995,5.4,77223," ['action', 'crime', 'fantasy', 'thriller']", http://www.scifiscripts.com/scripts/batmanforever.txt
m262 , batman ,1989,7.6,112731," ['crime', 'drama', 'thriller', 'action', 'adventure', 'crime']", http://www.scifiscripts.com/scripts/batmanscript1.txt
m263 , bean ,1997,5.8,27131," ['comedy', 'family']", http://www.awesomefilm.com/script/bean.html
m264 , beavis and butt-head do america ,1996,6.6,23149," ['animation', 'adventure', 'comedy', 'crime']", http://www.dailyscript.com/scripts/beavis_and_butthead_do_america.html
m265 , beetle juice ,1988,7.3,62164," ['comedy', 'fantasy']", http://www.dailyscript.com/scripts/beetlejuice_skaaren_final.html
m266 , being there ,1979,8,25085," ['drama', 'comedy']", http://www.dailyscript.com/scripts/Being+There.txt
m267 , being john malkovich ,1999,7.9,115008," ['comedy', 'drama', 'fantasy', 'romance']", http://www.dailyscript.com/scripts/beingjohnmalkovich.html
m268 , beloved ,1998,I ,5.6,4014, http://www.dailyscript.com/scripts/beloved_lagravenese.html
m269 , the big lebowski ,1998,8.2,182170," ['comedy', 'crime', 'mystery']", http://www.dailyscript.com/scripts/Big%20Lebowski
m270 , the black dahlia ,2006,5.6,35706," ['crime', 'drama', 'history', 'mystery', 'thriller']", http://www.dailyscript.com/scripts/black-dahlia_early.html
m271 , blade ii ,2002,6.6,51826," ['action', 'fantasy', 'horror', 'thriller', 'action', 'adventure', 'horror']", http://www.horrorlair.com/scripts/blade2.html
m272 , blade ,1998,7,65885," ['action', 'adventure', 'fantasy', 'horror', 'thriller']", http://www.horrorlair.com/scripts/blade.html
m273 , book of shadows: blair witch 2 ,2000,4.1,16285," ['crime', 'horror', 'mystery', 'thriller']", http://www.dailyscript.com/scripts/blair-witch-2.html
m274 , blood simple. ,1984,7.8,28901," ['crime', 'drama', 'thriller']", http://www.dailyscript.com/scripts/Blood%20Simple.txt
m275 , bloodmoon ,1997,4.5,269," ['action', 'thriller']", http://www.horrorlair.com/scripts/bloodmoon.html
m276 , blow ,2001,7.4,71334," ['biography', 'crime', 'drama']", http://www.dailyscript.com/scripts/blow.html
m277 , la battaglia di algeri ,1966,8.2,14339," ['drama', 'history', 'war']", http://www.dailyscript.com/scripts/boa.html
m278 , body of evidence ,1993,4.1,6052," ['drama', 'romance', 'thriller']", http://www.awesomefilm.com/script/bodyofevidence.txt
m279 , the bridges of madison county ,1995,7.2,22252," ['drama', 'romance']", http://www.awesomefilm.com/script/bomc.txt
m280 , bones ,2001,4,3525," ['crime', 'horror']", http://www.horrorlair.com/HorrorWorld/newyork/bones.html
m281 , bound ,1996,7.5,23772," ['crime', 'drama', 'thriller']", http://www.hundland.org/scripts/Bound_FirstDraft.txt
m282 , the bourne identity ,2002,7.7,124918," ['action', 'adventure', 'mystery', 'thriller']", http://www.dailyscript.com/scripts/Bourne+Identity
m283 , brazil ,1985,8,77350," ['drama', 'fantasy', 'sci-fi']", http://www.scifiscripts.com/scripts/brazil.txt
m284 , bringing out the dead ,1999,6.8,31285," ['drama', 'thriller']", http://www.dailyscript.com/scripts/Bringing+Out+The+Dead.txt
m285 , broadcast news ,1987,7.1,10559," ['comedy', 'drama', 'romance']", http://www.dailyscript.com/scripts/broadc_news.html
m286 , a bucket of blood ,1959,6.8,1892," ['comedy', 'horror']", http://www.scifiscripts.com/msol/bucket_of_blood.txt
m287 , buffy the vampire slayer ,1992,5.3,16206," ['horror', 'comedy', 'action']", http://www.dailyscript.com/scripts/buffy_the_vampire_slayer.html
m288 , bull durham ,1988,7,18941," ['comedy', 'romance', 'sport']", http://www.dailyscript.com/scripts/Bull+Durham.txt
m289 , casino ,1995,8.1,111223," ['biography', 'crime', 'drama']", http://www.dailyscript.com/scripts/Casino.txt
m290 , catwoman ,2004,3.2,35065," ['action', 'crime', 'fantasy']", http://www.scifiscripts.com/scripts/catwoman.txt
m291 , cellular ,2004,6.5,32920," ['action', 'crime', 'thriller']", http://www.dailyscript.com/scripts/cellular_cohen.html
m292 , the crying game ,1992,7.3,21394," ['drama', 'thriller']", http://www.dailyscript.com/scripts/Crying%20Game
m293 , charade ,1963,8,22815," ['comedy', 'mystery', 'romance', 'thriller']", http://www.dailyscript.com/scripts/Charade.txt
m294 , cherry falls ,2000,4.8,5669," ['horror', 'mystery', 'thriller']", http://www.scifiscripts.com/msol/cherryfalls.txt
m295 , chill factor ,1999,4.9,5381," ['action', 'adventure', 'comedy', 'thriller']", http://www.awesomefilm.com/script/chillfactor.html
m296 , chinatown ,1974,8.5,80698," ['crime', 'drama', 'mystery', 'thriller']", http://www.dailyscript.com/scripts/Chinatown.txt
m297 , nuovo cinema paradiso ,1988,8.5,46801," ['comedy', 'drama', 'romance']", http://www.dailyscript.com/scripts/cinema_paradiso.html
m298 , citizen kane ,1941,8.6,140517," ['drama', 'mystery']", http://www.aellea.com/script/citizenkane_script.txt
m299 , clerks. ,1994,8,90972, ['comedy'], http://www.dailyscript.com/scripts/Clerks.txt
m300 , cliffhanger ,1993,6.2,34880," ['action', 'adventure', 'thriller']", http://www.dailyscript.com/scripts/cliffhanger_stallone.html
m301 , a clockwork orange ,1971,8.5,197372," ['crime', 'drama', 'sci-fi']", http://www.scifiscripts.com/scripts/clockwork.txt
m302 , collateral ,2004,7.8,106866," ['crime', 'drama', 'thriller']", http://www.dailyscript.com/scripts/collateral_darabont.html
m303 , conspiracy theory ,1997,6.5,36045," ['action', 'crime', 'mystery', 'romance', 'thriller']", http://www.dailyscript.com/scripts/conspiracy-theory.html
m304 , contact ,1997,7.4,75043," ['drama', 'mystery', 'sci-fi', 'thriller']", http://www.scifiscripts.com/scripts/contact.txt
m305 , cool hand luke ,1967,8.3,46514," ['crime', 'drama']", http://www.aellea.com/script/cool_hand_luke.html
m306 , copycat ,1995,6.5,17335," ['crime', 'mystery', 'thriller']", http://www.dailyscript.com/scripts/copycat.html
m307 , crash ,2004,I ,8,174003, http://www.dailyscript.com/scripts/Crash+(1996).txt
m308 , crazy love ,2007,I ,7,944, http://www.dailyscript.com/scripts/crazy_love.html
m309 , crime spree ,2003,6.4,3129," ['action', 'comedy', 'crime']", http://www.dailyscript.com/scripts/crimespree.html
m310 ," crouching tiger, hidden dragon ",2003,8,1091, ['action'], hidden dragon 
m311 , the crow ,1994,7.6,55886," ['action', 'crime', 'fantasy', 'thriller']", http://www.horrorlair.com/scripts/crow.txt
m312 , cruel intentions ,1999,6.7,67532," ['drama', 'romance', 'thriller']", http://www.dailyscript.com/scripts/cruel-intentions.html
m313 , the curse of the cat people ,1944,6.9,2067," ['drama', 'fantasy', 'horror']", http://www.dailyscript.com/scripts/cursecat.htm
m314 , the curse ,1987,4.5,627," ['sci-fi', 'horror']", http://www.horrorlair.com/scripts/cursethe.txt
m315 , dark city ,1998,7.8,64262," ['mystery', 'sci-fi', 'thriller']", http://www.dailyscript.com/scripts/dark-city_early-rewrite.html
m316 , dave ,1993,6.8,20807," ['comedy', 'romance']", http://www.scifiscripts.com/msol/dave.txt
m317 , day of the dead ,1985,7,22746," ['horror', 'sci-fi']", http://www.horrorlair.com/scripts/dayofthedead.txt
m318 , dead poets society ,1989,7.8,90842, ['drama'], http://www.dailyscript.com/scripts/Dead%20Poets%20Society.txt
m319 , deep rising ,1998,5.7,12638," ['action', 'horror', 'sci-fi', 'thriller']", http://www.horrorlair.com/scripts/deeprising.txt
m320 , the deer hunter ,1978,8.2,89841," ['drama', 'war']", http://www.dailyscript.com/scripts/deer_hunter.html
m321 , demolition man ,1993,6.3,46318," ['action', 'crime', 'sci-fi']", http://www.dailyscript.com/scripts/demolition-man_production.html
m322 , the devil and daniel webster ,2004,5.7,1824," ['comedy', 'drama', 'fantasy']", http://www.aellea.com/script/devilanddanielwebster.txt
m323 , die hard ,1988,8.3,185430," ['action', 'crime', 'thriller']", http://www.awesomefilm.com/script/diehard.html
m324 , dog day afternoon ,1975,8.2,61120," ['crime', 'drama']", http://www.awesomefilm.com/script/dog_day_afternoon.txt
m325 , domino ,2005,5.9,32949," ['action', 'crime', 'drama', 'thriller']", http://www.dailyscript.com/scripts/domino.html
m326 , do the right thing ,1989,7.9,27164, ['drama'], http://www.awesomefilm.com/script/dotherightthing.txt
m327 , dumb and dumberer: when harry met lloyd ,2003,3.3,14984, ['comedy'], http://web.archive.org/web/20040611014121/www.awesomefilm.com/script/dumbanddumberer.html
m328 , dune ,1984,6.5,38954," ['action', 'adventure', 'sci-fi']", http://www.scifiscripts.com/scripts/dune.txt
m329 , ed wood ,1994,8.1,75704," ['biography', 'comedy', 'drama']", http://www.dailyscript.com/scripts/ed-wood.html
m330 , edtv ,1999,6.1,21865, ['comedy'], http://www.dailyscript.com/scripts/edtv.html
m331 , election ,1999,7.4,37868," ['comedy', 'drama']", http://www.dailyscript.com/scripts/election.html
m332 , l.a. confidential ,1997,8.4,168009," ['crime', 'drama', 'mystery', 'thriller']", http://www.dailyscript.com/scripts/LA%20Confidential.txt
m333 , enemy of the state ,1998,7.2,67504," ['action', 'drama', 'thriller']", http://www.dailyscript.com/scripts/enemyofthestate.html
m334 , the english patient ,1996,7.3,55247," ['romance', 'drama', 'war']", http://www.dailyscript.com/scripts/englishpatient.html
m335 , entrapment ,1999,6.1,41120," ['action', 'crime', 'romance', 'thriller']", http://www.dailyscript.com/scripts/entrapment_production.html
m336 , erin brockovich ,2000,7.2,55641," ['biography', 'drama', 'romance']", http://www.dailyscript.com/scripts/Erin+Brockovich.txt
m337 , star wars: the empire strikes back ,1982,8,42," ['animation', 'adventure', 'action', 'fantasy']", http://www.scifiscripts.com/scripts/esb_final.txt
m338 , escape from the planet of the apes ,1971,6.1,7754," ['sci-fi', 'thriller']", http://www.scifiscripts.com/scripts/escape_pota.txt
m339 , escape from l.a. ,1996,5.3,23551," ['action', 'adventure', 'sci-fi', 'thriller']", http://www.scifiscripts.com/scripts/escapela.txt
m340 , excalibur ,1981,7.4,24550," ['adventure', 'drama', 'fantasy']", http://www.dailyscript.com/scripts/Excalibur.txt
m341 , the exorcist ,1973,8.1,106383," ['horror', 'thriller']", http://www.horrorlair.com/scripts/exorcist.html
m342 , the fabulous baker boys ,1989,6.7,9433," ['drama', 'music', 'romance']", http://www.dailyscript.com/scripts/Fabulous_Baker_boys_final.html
m343 , face,off ,1997,7.3,103386, http://www.dailyscript.com/scripts/faceoff_production.html
m344 , the family man ,2000,6.6,34509," ['comedy', 'fantasy', 'drama', 'romance']", http://www.dailyscript.com/scripts/familyman.html
m345 , the fantastic four ,1994,3.8,1472," ['action', 'adventure', 'sci-fi', 'fantasy']", http://www.dailyscript.com/scripts/fantasticfour.html
m346 , fantastic voyage ,1966,6.8,5231," ['adventure', 'sci-fi']", http://www.scifiscripts.com/scripts/fantasticvoyager.txt
m347 , fargo ,1996,8.3,168176," ['crime', 'drama', 'thriller']", http://www.dailyscript.com/scripts/Fargo.txt
m348 , fight club ,1999,8.8,391697," ['crime', 'drama', 'mystery', 'thriller']", http://www.scifiscripts.com/scripts/fight_club_shoot.txt
m349 , final destination 2 ,2003,6.4,36312," ['horror', 'thriller']", http://www.dailyscript.com/scripts/final_destination2.html
m350 , final destination ,2000,6.8,53422," ['horror', 'thriller']", http://www.horrorlair.com/scripts/finaldestination.txt
m351 , rambo: first blood part ii ,1985,5.8,39147," ['action', 'adventure', 'thriller']", http://www.dailyscript.com/scripts/rambo_first_blood_2.html
m352 , the fisher king ,1991,7.5,28310," ['comedy', 'drama', 'romance']", http://www.dailyscript.com/scripts/fisher-king_shooting.html
m353 , five easy pieces ,1970,7.5,11969, ['drama'], http://www.dailyscript.com/scripts/fiveeasypieces.html
m354 , five feet high and rising ,2000,6.5,326, ['short'], http://www.dailyscript.com/scripts/fivefeetandrising.html
m355 , fletch ,1985,6.7,17336," ['comedy', 'crime', 'mystery']", http://www.dailyscript.com/scripts/Fletch.txt
m356 , the adventures of ford fairlane ,1990,5.6,9051," ['action', 'adventure', 'comedy', 'music']", http://www.dailyscript.com/scripts/ford-fairlane_early.html
m357 , the french connection ,1971,7.9,34062," ['action', 'crime', 'thriller']", http://www.dailyscript.com/scripts/frenchconnection.html
m358 , frequency ,2000,7.3,36396," ['crime', 'drama', 'sci-fi', 'thriller']", http://www.dailyscript.com/scripts/frequency.html
m359 , friday the 13th part iii ,1982,5.1,11718, ['horror'], http://www.horrorlair.com/scripts/friday13th3.txt
m360 , jason lives: friday the 13th part vi ,1986,5.3,9919," ['comedy', 'horror', 'thriller']", http://www.horrorlair.com/scripts/friday13th6.txt
m361 , jason goes to hell: the final friday ,1993,4.1,8894," ['horror', 'thriller']", http://www.horrorlair.com/scripts/friday13thjasongoestohell.txt
m362 , friday the 13th part viii: jason takes manhattan ,1989,3.9,10288, ['horror'], http://www.dailyscript.com/scripts/friday_13_8.html
m363 , game 6 ,2005,6,1414," ['comedy', 'drama', 'sport']", http://www.dailyscript.com/scripts/game_6.html
m364 , gandhi ,1982,8.2,52160," ['biography', 'drama', 'history']", http://www.dailyscript.com/scripts/Gandhi.txt
m365 , gattaca ,1997,7.8,72063," ['drama', 'romance', 'sci-fi', 'thriller']", http://www.dailyscript.com/scripts/gattaca_early.html
m366 , the getaway ,1972,7.5,10151," ['action', 'adventure', 'crime', 'thriller']", http://www.dailyscript.com/scripts/getaway.html
m367 , get carter ,2000,4.8,14319," ['action', 'crime', 'drama', 'thriller']", http://www.dailyscript.com/scripts/getcarter.html
m368 , glengarry glen ross ,1992,7.9,32882, ['drama'], http://www.dailyscript.com/scripts/glengarry.html
m369 , the godfather: part ii ,1974,9,251290," ['crime', 'drama', 'thriller']", http://www.dailyscript.com/scripts/godfather2.html
m370 , gods and monsters ,1998,7.5,16063," ['biography', 'drama']", http://www.dailyscript.com/scripts/Gods%20And%20Monsters.txt
m371 , gone in sixty seconds ,2000,6,74474," ['action', 'crime', 'thriller']", http://www.dailyscript.com/scripts/gone_in_60_seconds.html
m372 , goodfellas ,1990,8.8,234582," ['crime', 'drama', 'thriller']", http://www.dailyscript.com/scripts/goodfellas.html
m373 , good will hunting ,1997,8.1,154419, ['drama'], http://www.moviescriptsandscreenplays.com/BenandMatt/goodwillhunting.txt
m374 , the grapes of wrath ,1940,8.3,23850, ['drama'], http://www.dailyscript.com/scripts/Grapes%20Of%20Wrath
m375 , grosse pointe blank ,1997,7.4,41877," ['comedy', 'crime', 'romance', 'thriller']", http://www.dailyscript.com/scripts/Grosse%20Pointe%20Blank.txt
m376 , the horse whisperer ,1998,6.4,15953," ['drama', 'romance', 'western']", http://www.awesomefilm.com/script/h_whispr.txt
m377 , hackers ,1995,5.8,27009," ['action', 'crime', 'drama', 'thriller']", http://www.scifiscripts.com/scripts/hackers.txt
m378 , halloween 4: the return of michael myers ,1988,5.6,11315," ['horror', 'thriller']", http://www.horrorlair.com/scripts/halloween4.txt
m379 , halloween ,1978,7.9,64690," ['horror', 'thriller']", http://www.dailyscript.com/scripts/Halloween.txt
m380 , hannah and her sisters ,1986,7.9,21088," ['comedy', 'drama', 'romance']", http://www.dailyscript.com/scripts/Hannah%20And%20Her%20Sisters.txt
m381 , hannibal ,2001,6.4,75788," ['crime', 'thriller']", http://www.dailyscript.com/scripts/Hannibal%20-%20Zaillian.txt
m382 , happy campers ,2001,5.4,1785, ['comedy'], http://www.dailyscript.com/scripts/happy-campers_early.html
m383 , heathers ,1989,7.3,25236," ['comedy', 'crime']", http://www.dailyscript.com/scripts/heathers_shooting.html
m384 , heavenly creatures ,1994,7.6,27211," ['crime', 'drama', 'fantasy', 'thriller']", http://www.awesomefilm.com/script/heavenlycreatures.html
m385 , hellraiser: hellseeker ,2002,4.9,3400," ['horror', 'mystery', 'thriller']", http://www.horrorlair.com/scripts/hellraiser_hellseeker_orig.html
m386 , hero ,1992,I ,6.3,10573, http://www.dailyscript.com/scripts/hero1.html
m387 , hider in the house ,1989,5.6,394, ['thriller'], http://www.dailyscript.com/scripts/hider-in-the-house.html
m388 , highlander iii: the sorcerer ,1994,3.9,7831," ['fantasy', 'sci-fi', 'action']", http://www.scifiscripts.com/scripts/highlander3.txt
m389 , hostage ,2005,I ,6.6,37868, http://home.online.no/~bhundlan/scripts/hostage.htm
m390 , hotel rwanda ,2004,8.3,94404," ['adventure', 'drama', 'history', 'thriller', 'war']", http://www.dailyscript.com/scripts/hotel_rwanda.html
m391 , house on haunted hill ,1999,5.3,23127," ['horror', 'mystery', 'thriller']", http://www.dailyscript.com/scripts/house-on-haunted-hill.html
m392 , house of the damned ,1996,4.3,216," ['action', 'horror', 'thriller']", http://www.horrorlair.com/scripts/houseOfTheDamned.txt
m393 , hellraiser iii: hell on earth ,1992,5.1,7716, ['horror'], http://www.cenobite.com/library/hr3-910701.txt
m394 , hudson hawk ,1991,5.4,22116," ['action', 'adventure', 'comedy', 'action', 'adventure', 'comedy', 'crime']", http://www.dailyscript.com/scripts/hudson-hawk_early.html
m395 , the hudsucker proxy ,1994,7.4,32691," ['comedy', 'drama', 'fantasy', 'romance']", http://www.dailyscript.com/scripts/Hudsucker%20Proxy
m396 , i walked with a zombie ,1943,7.3,3420, ['horror'], http://www.dailyscript.com/scripts/i-walked_with_a_zombie.html
m397 , the ice storm ,1997,7.5,27724, ['drama'], http://www.dailyscript.com/scripts/icestorm.html
m398 , insomnia ,2002,I ,7.3,69635, http://www.dailyscript.com/scripts/insomnia.html
m399 , interview with the vampire: the vampire chronicles ,1994,7.4,80077," ['drama', 'fantasy']", http://www.scifiscripts.com/scripts/interview.txt
m400 , i still know what you did last summer ,1998,4.1,23543," ['horror', 'mystery', 'thriller']", http://www.horrorlair.com/scripts/iskwydls.txt
m401 , isle of the dead ,1945,6.6,1405," ['drama', 'horror', 'mystery', 'thriller']", http://www.dailyscript.com/scripts/isleofthedead.htm
m402 , it's a wonderful life ,1946,8.7,103290," ['drama', 'fantasy', 'romance']", http://www.aellea.com/script/itsawonderfullife.txt
m403 , jaws 2 ,1978,5.6,18995, ['thriller'], http://www.dailyscript.com/scripts/Jaws%202.txt
m404 , jaws 3-d ,1983,3.3,12839, ['thriller'], http://www.horrorlair.com/scripts/jaws3_1st_draft.txt
m405 , jaws: the revenge ,1987,2.6,15727, ['thriller'], http://www.horrorlair.com/scripts/jaws_the_revenge.txt
m406 , the jazz singer ,1927,6.8,3252," ['drama', 'music', 'romance']", http://www.aellea.com/script/jazzsinger.txt
m407 , jennifer eight ,1992,6.2,6224," ['thriller', 'mystery']", http://www.dailyscript.com/scripts/jennifer-eight-script.html
m408 , jerry maguire ,1996,7.3,79706," ['comedy', 'drama', 'romance', 'sport']", http://www.awesomefilm.com/script/jerryMaguire.txt
m409 , jurassic park iii ,2001,5.7,62564," ['action', 'adventure', 'sci-fi', 'thriller']", http://www.dailyscript.com/scripts/jp3.html
m410 , the lost world: jurassic park ,1997,6,78169," ['action', 'adventure', 'sci-fi', 'thriller', 'action', 'adventure', 'animation', 'horror', 'sci-fi', 'thriller']", http://www.horrorlair.com/scripts/jurassic2_thw.txt
m411 , jurassic park ,1993,7.9,153737," ['action', 'adventure', 'family', 'sci-fi', 'action', 'adventure', 'fantasy', 'sci-fi']", http://www.scifiscripts.com/scripts/JurassicPark_1stDraft.txt
m412 , freddy vs. jason ,2003,5.8,39850," ['horror', 'thriller']", http://www.horrorlair.com/scripts/jvsf_bm.txt
m413 , kafka ,1991,6.9,4467," ['comedy', 'drama', 'mystery', 'sci-fi', 'thriller']", http://www.dailyscript.com/scripts/kafka.html
m414 , king kong ,2005,7.6,134187," ['adventure', 'drama', 'romance']", http://www.scifiscripts.com/scripts/kingkong.txt
m415 , klute ,1971,7.2,6901," ['mystery', 'romance', 'thriller']", http://www.dailyscript.com/scripts/klute.html
m416 , kramer vs. kramer ,1979,7.7,25836, ['drama'], http://www.dailyscript.com/scripts/Kramer%20vs%20Kramer.txt
m417 , kundun ,1997,7.1,10378," ['biography', 'drama', 'history', 'war']", http://www.dailyscript.com/scripts/Kundun.txt
m418 , lake placid ,1999,5.4,19621," ['action', 'comedy', 'horror', 'thriller']", http://www.dailyscript.com/scripts/lake-placid.html
m419 , the silence of the lambs ,1991,8.7,251237," ['crime', 'thriller']", http://www.horrorlair.com/scripts/lambsfinal.txt
m420 , last of the mohicans ,1977,7.3,71," ['action', 'adventure', 'war']", http://www.dailyscript.com/scripts/last-of-the-mohicans-script.html
m421 , leviathan ,1989,5.3,4751," ['adventure', 'horror', 'mystery', 'sci-fi', 'thriller']", http://www.dailyscript.com/scripts/leviathan_shooting.html
m422 ," lock, stock and two smoking barrels ",1998,8.2,129117," ['crime', 'thriller']", stock and two smoking barrels 
m423 , lone star ,1996,7.6,14666," ['drama', 'mystery', 'romance', 'western']", http://www.dailyscript.com/scripts/Lone%20Star.txt
m424 , lord of illusions ,1995,5.6,5031," ['fantasy', 'horror', 'mystery', 'thriller']", http://www.dailyscript.com/scripts/lordofillusions.html
m425 , lost in translation ,2003,7.9,132645," ['drama', 'romance']", http://www.dailyscript.com/scripts/lost-in-translation-script.html
m426 , lost souls ,2000,4.6,6663," ['drama', 'horror', 'thriller', 'romance']", http://www.horrorlair.com/scripts/lostsouls.txt
m427 , love & basketball ,2000,6.7,5907," ['drama', 'romance', 'sport']", http://www.dailyscript.com/scripts/love_and_basketball.html
m428 , magnolia ,1999,8,123476, ['drama'], http://www.dailyscript.com/scripts/magnolia.html
m429 , the man in the iron mask ,1998,I ,6.1,36684, http://www.dailyscript.com/scripts/man_in_iron_mask_95.html
m430 , manhunt ,2003,8.7,736," ['action', 'adventure', 'crime', 'horror', 'thriller']", http://www.awesomefilm.com/script/manhunt.html
m431 , manhunter ,1986,7.2,21649," ['crime', 'thriller']", http://www.dailyscript.com/scripts/manhunter.html
m432 , man on the moon ,1999,7.4,49915," ['biography', 'comedy', 'drama']", http://www.scifiscripts.com/msol/manonthemoon.txt
m433 , the matrix ,1999,8.7,389480," ['action', 'adventure', 'adventure', 'adventure', 'sci-fi']", http://www.scifiscripts.com/scripts/matrix_97_draft.txt
m434 , halloween iii: season of the witch ,1982,3.8,13037," ['horror', 'mystery', 'sci-fi']", http://www.dailyscript.com/scripts/meanstreet.html
m435 , meet joe black ,1998,6.9,56839," ['drama', 'fantasy', 'mystery', 'romance']", http://www.awesomefilm.com/script/meetjoeblack.txt
m436 , memento ,2000,8.7,281027," ['crime', 'drama', 'mystery', 'thriller']", http://www.dailyscript.com/scripts/memento.html
m437 , miami vice ,2006,6,52448," ['action', 'crime', 'drama', 'thriller']", http://www.dailyscript.com/scripts/miamivice.html
m438 , midnight cowboy ,1969,8,34405, ['drama'], http://www.dailyscript.com/scripts/Midnight%20Cowboy.txt
m439 , midnight express ,1978,7.6,24103," ['biography', 'crime', 'drama', 'thriller']", http://www.dailyscript.com/scripts/midnightexpress.html
m440 , mimic ,1997,5.7,14916," ['drama', 'horror', 'sci-fi']", http://www.dailyscript.com/scripts/mimic_production.html
m441 , misery ,1990,7.8,41563, ['thriller'], http://www.dailyscript.com/scripts/Misery.txt
m442 , mission: impossible ii ,2000,5.7,86452," ['action', 'adventure', 'thriller']", http://www.dailyscript.com/scripts/mission-impossible-2_shoot.html
m443 , mission: impossible ,1996,6.9,87677," ['action', 'adventure', 'thriller']", http://www.dailyscript.com/scripts/mission-impossible_shoot.html
m444 , moonstruck ,1987,7.1,15879," ['comedy', 'romance', 'drama']", http://www.dailyscript.com/scripts/Moonstruck.txt
m445 , monty python and the holy grail ,1975,8.4,157683," ['adventure', 'comedy']", http://www.angelfire.com/movies/closedcaptioned/mp-holy.txt
m446 , mrs brown ,1997,7.2,5701," ['biography', 'drama', 'history', 'romance']", http://www.dailyscript.com/scripts/mrs_brown.html
m447 , arcade ,1993,4.6,668, ['sci-fi'], http://www.awesomefilm.com/script/ms_arcad.txt
m448 , mulholland dr. ,2001,8,105859," ['drama', 'mystery', 'thriller']", http://www.dailyscript.com/scripts/mulholland_drive.html
m449 ," ""murderland"" ",2009,5.8,88," ['crime', 'drama', 'mystery']", http://www.awesomefilm.com/script/murderland.html
m450 , my girl 2 ,1994,4.8,5689," ['comedy', 'drama', 'family', 'romance']", http://www.scifiscripts.com/msol/my_girl_2.html
m451 , my girl ,1991,6.4,17967," ['comedy', 'drama', 'family', 'romance']", http://www.scifiscripts.com/msol/my_girl.html
m452 , my best friend's wedding ,1997,6.2,37682," ['comedy', 'romance']", http://www.awesomefilm.com/script/mybestfriendswedding.txt
m453 , nashville ,1975,7.7,9315," ['drama', 'music']", http://www.dailyscript.com/scripts/nashville.html
m454 , natural born killers ,1994,7.1,73047," ['action', 'crime', 'drama', 'romance', 'thriller']", http://www.dailyscript.com/scripts/natural-born-killers_shoot.html
m455 , nothing but a man ,1964,7.8,448," ['drama', 'romance']", http://www.aellea.com/emruf3/nbam.html
m456 , the negotiator ,1998,7.2,46983," ['action', 'crime', 'drama', 'mystery', 'thriller']", http://www.angelfire.com/movies/moviefreak/negotiator.html
m457 , neuromancer ,1988,9.3,48," ['action', 'adventure', 'animation', 'sci-fi']", http://www.scifiscripts.com/scripts/neuromancer.txt
m458 , never been kissed ,1999,5.7,27409," ['comedy', 'drama', 'romance']", http://www.dailyscript.com/scripts/neverbeenkissed.html
m459 , the nightmare before christmas ,1993,8,81753," ['animation', 'family', 'fantasy', 'musical']", http://www.dailyscript.com/scripts/nightmare-b4-xmas_early.html
m460 , a nightmare on elm street part 2: freddy's revenge ,1985,4.9,16582," ['fantasy', 'horror', 'thriller']", http://www.horrorlair.com/scripts/nightmare_on_elm_street2.txt
m461 , a nightmare on elm street 3: dream warriors ,1987,6.3,17734," ['fantasy', 'horror', 'thriller']", http://www.horrorlair.com/scripts/nightmare_on_elm_street3.txt
m462 , notting hill ,1999,6.9,67217," ['comedy', 'romance']", http://www.awesomefilm.com/script/nothill.txt
m463 , one flew over the cuckoo's nest ,1975,8.9,219739, ['drama'], http://www.dailyscript.com/scripts/One%20Flew%20Over%20The%20Cuckoo's%20Nest.txt
m464 , only you ,1994,6.2,6620," ['comedy', 'romance']", http://www.awesomefilm.com/script/onlyyou.html
m465 , on the waterfront ,1954,8.4,42010," ['crime', 'drama', 'romance']", http://www.dailyscript.com/scripts/onthewaterfront.html
m466 , orgy of the dead ,1965,2.5,1395," ['fantasy', 'horror']", http://www.horrorlair.com/HorrorWorld/edwood/orgyofthedead.html
m467 , out of sight ,1998,7.2,38595," ['comedy', 'crime', 'romance', 'thriller']", http://www.dailyscript.com/scripts/Out%20Of%20Sight.txt
m468 , pearl harbor ,2001,5.4,97519," ['action', 'drama', 'romance', 'war']", http://www.dailyscript.com/scripts/pearl_harbor_early.html
m469 , peggy sue got married ,1986,6.3,12574," ['comedy', 'drama', 'fantasy', 'romance']", http://www.dailyscript.com/scripts/peggysue.html
m470 , pet sematary ii ,1992,4.2,6014," ['action', 'horror', 'thriller']", http://www.dailyscript.com/scripts/petsemetaryii.html
m471 , philadelphia ,1993,7.6,54221, ['drama'], http://www.dailyscript.com/scripts/philadelphia.html
m472 , pitch black ,2000,7,55982," ['action', 'sci-fi', 'thriller']", http://www.dailyscript.com/scripts/pitch-black_shooting.html
m473 , planet of the apes ,2001,5.5,73596," ['action', 'adventure', 'sci-fi', 'thriller', 'animation', 'action', 'adventure', 'sci-fi']", http://www.scifiscripts.com/scripts/POTA_Remake.txt
m474 , platoon ,1986,8.2,110867," ['action', 'drama', 'war']", http://www.dailyscript.com/scripts/Platoon.txt
m475 , playback ,1996,3.6,164, ['thriller'], http://www.dailyscript.com/scripts/playback.html
m476 , the ploughman's lunch ,1983,6.8,154, ['drama'], http://www.dailyscript.com/scripts/ploughmans_lunch.html
m477 , point break ,1991,6.9,37722," ['action', 'adventure', 'crime', 'drama', 'sport', 'thriller']", http://www.awesomefilm.com/script/pointbreak.html
m478 , predator ,1987,7.8,90730," ['action', 'adventure', 'sci-fi', 'thriller']", http://www.scifiscripts.com/scripts/predator.txt
m479 , pretty woman ,1990,6.7,61642," ['comedy', 'romance']", http://www.awesomefilm.com/script/prettywoman.html
m480 , the princess bride ,1987,8.1,125281," ['adventure', 'comedy', 'family', 'fantasy', 'romance']", http://www.dailyscript.com/scripts/Princess%20Bride
m481 , the producers ,1968,7.7,19432, ['comedy'], http://www.dailyscript.com/scripts/Producers
m482 , psycho ,1960,8.7,146915," ['drama', 'horror', 'mystery', 'thriller', 'thriller']", http://www.dailyscript.com/scripts/Psycho.txt
m483 , maniac ,1980,6.2,3382," ['drama', 'horror', 'thriller']", http://www.aellea.com/script/qMANIAC.htm
m484 , vampyr ,1932,7.6,4005," ['fantasy', 'horror']", http://www.aellea.com/script/qVAMPYR.htm
m485 , mystery of the wax museum ,1933,6.8,1740," ['horror', 'mystery', 'thriller']", http://www.aellea.com/script/qWAX.htm
m486 , quantum project ,2000,4.8,47," ['short', 'adventure', 'drama', 'romance']", http://www.dailyscript.com/scripts/quantumproject.html
m487 , rambling rose ,1991,6.6,2631, ['drama'], http://www.dailyscript.com/scripts/ramblingrose.html
m488 , red white black & blue ,2006,6.3,37, ['documentary'], http://www.awesomefilm.com/script/redwhiteblackandblue.html
m489 , star wars: episode vi - return of the jedi ,1983,8.3,215058," ['action', 'adventure', 'fantasy', 'sci-fi']", http://www.scifiscripts.com/scripts/revengeofthejedi.txt
m490 , the rocky horror picture show ,1975,7.1,42713," ['comedy', 'musical']", http://www.horrorlair.com/scripts/rhps.txt
m491 , rocky ,1976,8.1,100022," ['drama', 'romance', 'sport']", http://www.dailyscript.com/scripts/Rocky.txt
m492 , who framed roger rabbit ,1988,7.6,54375," ['animation', 'comedy', 'crime', 'family', 'fantasy', 'mystery', 'animation', 'adventure', 'action', 'fantasy']", http://www.scifiscripts.com/cartoon/roger-rabbit.htm
m493 , romeo and juliet ,1968,I ,7.8,12360, http://www.awesomefilm.com/script/romeo+juliet.txt
m494 , ronin ,1998,7.2,58201," ['action', 'crime', 'thriller']", http://www.dailyscript.com/scripts/ronin_early.html
m495 , route 9 ,1998,6,557," ['crime', 'drama']", http://home.earthlink.net/~bhb1/scripts/rt9/route_9.html
m496 , rush hour 2 ,2001,6.5,52716," ['action', 'comedy', 'crime', 'thriller']", http://www.dailyscript.com/scripts/rush_hour_2.html
m497 , rush hour ,1998,6.8,56376," ['action', 'comedy', 'thriller', 'crime']", http://www.dailyscript.com/scripts/RushHour.html
m498 , runaway bride ,1999,5.2,28793," ['comedy', 'romance']", http://www.awesomefilm.com/script/rwbride.html
m499 , sleepless in seattle ,1993,6.6,44179," ['comedy', 'romance', 'drama']", http://www.awesomefilm.com/script/s_seatl.html
m500 , salt of the earth ,1954,7.6,1085," ['drama', 'history']", http://www.aellea.com/script/salt.txt
m501 , the salton sea ,2002,7.1,16669," ['crime', 'drama', 'mystery', 'thriller']", http://www.dailyscript.com/scripts/salton_sea.html
m502 , saving private ryan ,1998,8.5,275666," ['action', 'drama', 'history', 'war']", http://www.moviescriptsandscreenplays.com/BenandMatt/savingprivateryan.txt
m503 , say anything... ,1989,7.5,25220," ['comedy', 'drama', 'romance']", http://www.moviescriptsandscreenplays.com/johncusack/scripts/sayanything.txt
m504 , schindler's list ,1993,8.9,282473," ['biography', 'drama', 'history', 'war']", http://www.awesomefilm.com/script/schindlerslist.txt
m505 , scream 2 ,1997,5.9,48988," ['horror', 'mystery', 'thriller']", http://www.horrorlair.com/scripts/scream2.txt
m506 , scream 3 ,2000,5.3,38870," ['horror', 'mystery', 'thriller']", http://www.horrorlair.com/scripts/scream3_early_draft.txt
m507 , scream ,1996,I ,7.2,92543, http://www.dailyscript.com/scripts/Scream.txt
m508 , seven ,1979,6.1,259," ['action', 'drama']", http://www.horrorlair.com/scripts/se7en.html
m509 , the searchers ,1956,8.1,30138," ['adventure', 'drama', 'western']", http://www.dailyscript.com/scripts/Searchers
m510 , seven days to live ,2000,5.2,1150," ['drama', 'horror', 'thriller']", http://www.horrorlair.com/scripts/sevendaystolive_2nd.html
m511 , shakespeare in love ,1998,7.4,78654," ['comedy', 'drama', 'romance']", http://www.dailyscript.com/scripts/Shakespeare%20In%20Love.txt
m512 , shallow grave ,1994,7.4,21611," ['comedy', 'crime', 'drama', 'thriller']", http://www.horrorlair.com/scripts/shallow.txt
m513 , shampoo ,1975,6.2,4406," ['drama', 'romance']", http://www.dailyscript.com/scripts/shampoo.html
m514 , the shining ,1980,8.5,182077," ['horror', 'mystery', 'thriller']", http://www.dailyscript.com/scripts/shining.html
m515 , silver bullet ,1985,5.9,6498," ['adventure', 'drama', 'horror', 'mystery', 'thriller']", http://www.dailyscript.com/scripts/silverbullet.html
m516 , sister act ,1992,5.9,25196," ['comedy', 'crime', 'music']", http://www.scifiscripts.com/msol/sister_act.txt
m517 , sleepy hollow ,1999,7.5,108951," ['fantasy', 'mystery', 'thriller']", http://www.dailyscript.com/scripts/sleepy-hollow_shooting.html
m518 , sling blade ,1996,8,42087, ['drama'], http://www.dailyscript.com/scripts/Sling%20Blade.txt
m519 , smoke ,1995,7.5,15482," ['comedy', 'drama']", http://www.awesomefilm.com/script/smoke.txt
m520 , snow falling on cedars ,1999,6.7,8483," ['drama', 'mystery', 'romance', 'thriller']", http://www.dailyscript.com/scripts/snow-falling_shooting.html
m521 , soldier ,1998,I ,5.6,16446, http://www.dailyscript.com/scripts/soldier.html
m522 , some like it hot ,1959,8.4,68749, ['comedy'], http://www.dailyscript.com/scripts/Some+Like+It+Hot.txt
m523 , the wedding date ,2005,5.5,12340," ['comedy', 'romance']", http://www.dailyscript.com/scripts/somethingborrowed.html
m524 , sounder ,1972,7.8,1298, ['drama'], http://www.aellea.com/script/sounder.txt
m525 , south park: bigger longer & uncut ,1999,7.8,80257," ['animation', 'comedy', 'musical']", http://www.dailyscript.com/scripts/south-park.html
m526 , spacejacked ,1997,2.9,105," ['action', 'sci-fi']", http://www.scifiscripts.com/scripts/spaceJacked.txt
m527 , spare me ,1992,5.8,26, ['thriller'], http://www.dailyscript.com/scripts/spareme.html
m528 , sphere ,1998,5.6,31924," ['drama', 'horror', 'mystery', 'sci-fi', 'thriller']", http://www.dailyscript.com/scripts/sphere_shooting.html
m529 , star wars ,1977,8.8,326619," ['action', 'adventure', 'fantasy', 'sci-fi']", http://www.scifiscripts.com/scripts/star_wars_3rd.txt
m530 , starship troopers ,1997,7.1,84874," ['action', 'adventure', 'sci-fi', 'thriller']", http://www.scifiscripts.com/scripts/starship_troopers.txt
m531 , star trek: the motion picture ,1979,6.2,25723," ['adventure', 'fantasy', 'mystery', 'sci-fi']", http://www.dailyscript.com/scripts/startrek01.html
m532 , state and main ,2000,6.8,13163," ['comedy', 'drama']", http://www.dailyscript.com/scripts/State+And+Main.txt
m533 , stepmom ,1998,6.2,18714," ['comedy', 'drama']", http://www.dailyscript.com/scripts/stepmom.html
m534 , storytelling ,2001,6.7,9677," ['comedy', 'drama']", http://www.dailyscript.com/scripts/storytelling.html
m535 , stranglehold ,2007,8.6,907," ['action', 'adventure', 'crime']", http://www.horrorlair.com/scripts/strangehold.txt
m536 , dr. strangelove or: how i learned to stop worrying and love the bomb ,1964,8.6,158529," ['comedy', 'drama']", http://www.visual-memory.co.uk/amk/doc/0055.html
m537 , suburbia ,1996,6.5,4552," ['comedy', 'drama']", http://www.awesomefilm.com/script/suburbia.html
m538 , sugar & spice ,2001,5.2,6981," ['comedy', 'crime']", http://www.dailyscript.com/scripts/sugarandspice.html
m539 , sunset blvd. ,1950,8.7,55994," ['drama', 'film-noir']", http://www.dailyscript.com/scripts/sunset_bld_3_21_49.html
m540 , supergirl ,1984,4.1,6576," ['action', 'adventure', 'sci-fi']", http://www.scifiscripts.com/scripts/supergirl.txt
m541 , superman iii ,1983,4.7,18340," ['action', 'adventure', 'comedy', 'fantasy', 'sci-fi']", http://www.scifiscripts.com/scripts/superman3_script.txt
m542 , superman ii ,1980,6.7,29941," ['action', 'adventure', 'fantasy', 'romance', 'sci-fi']", http://www.scifiscripts.com/scripts/supermanii_scriptment_2_76.txt
m543 , superman iv: the quest for peace ,1987,3.4,15332," ['action', 'adventure', 'family', 'fantasy', 'sci-fi']", http://www.scifiscripts.com/scripts/superman_IV.txt
m544 , superman ,1978,7.3,51172," ['action', 'family', 'sci-fi']", http://www.scifiscripts.com/scripts/superman_original.txt
m545 , the sweet hereafter ,1997,7.8,16463, ['drama'], http://www.dailyscript.com/scripts/sweethereafter.html
m546 , sweet smell of success ,1957,8.2,9014," ['drama', 'film-noir']", http://www.dailyscript.com/scripts/sweetsmell.html
m547 , terminator 2: judgment day ,1991,8.5,243230," ['action', 'sci-fi', 'thriller']", http://www.scifiscripts.com/scripts/t2.txt
m548 , taking sides ,2001,7.2,1950," ['drama', 'music', 'war']", http://www.dailyscript.com/scripts/takingsides.html
m549 , the terminator ,1984,8.1,183538," ['action', 'sci-fi', 'thriller']", http://www.scifiscripts.com/scripts/terminator_1_4th_draft.txt
m550 , the game ,1997,7.7,75861," ['drama', 'mystery', 'thriller']", http://www.dailyscript.com/scripts/the-game-early.html
m551 , the haunting ,1999,4.6,32086," ['horror', 'thriller', 'mystery']", http://www.dailyscript.com/scripts/the-haunting_production.html
m552 , the limey ,1999,7,15465," ['crime', 'drama', 'mystery', 'thriller']", http://www.dailyscript.com/scripts/the-limey.html
m553 , the man who wasn't there ,2001,7.7,41452," ['crime', 'drama']", http://www.dailyscript.com/scripts/Man%20Who%20Wasn't%20There
m554 , the relic ,1997,5.4,10340," ['horror', 'mystery', 'thriller']", http://www.dailyscript.com/scripts/the-relic_early.html
m555 , the truman show ,1998,8,160825, ['drama'], http://www.dailyscript.com/scripts/the-truman-show_shooting.html
m556 , the x files ,1998,6.8,39090," ['crime', 'horror', 'mystery', 'sci-fi', 'thriller']", http://www.dailyscript.com/scripts/the-x-files_production.html
m557 , the cell ,2000,6.2,37417," ['drama', 'fantasy', 'horror', 'sci-fi', 'thriller']", http://www.dailyscript.com/scripts/the_cell.html
m558 , the third man ,1949,8.5,51872," ['film-noir', 'mystery', 'thriller']", http://www.dailyscript.com/scripts/the_third_man.html
m559 , the beach ,2000,I ,6.3,55734, http://www.scifiscripts.com/msol/beach/script01_15.htm
m560 , the believer ,2001,7.3,11345, ['drama'], http://www.dailyscript.com/scripts/thebeliever.html
m561 , le grand bleu ,1988,7.4,18313," ['adventure', 'drama', 'romance']", http://www.dailyscript.com/scripts/thebigblue.html
m562 , the hebrew hammer ,2003,6.2,2900, ['comedy'], http://www.dailyscript.com/scripts/thehebrewhammer.html
m563 , the leopard man ,1943,6.9,1518," ['drama', 'horror', 'mystery', 'thriller']", http://www.dailyscript.com/scripts/theleopardman.htm
m564 , the lost son ,1999,6.5,911," ['crime', 'drama', 'romance', 'thriller']", http://www.alibi-books.com/thelostson/thelostson.htm
m565 , the messenger ,2009,I ,7.4,9224, http://www.awesomefilm.com/script/themessenger.txt
m566 , the pianist ,2002,8.5,138080," ['biography', 'drama', 'war']", http://www.dailyscript.com/scripts/Pianist
m567 , the piano ,1993,7.5,28525," ['drama', 'romance']", http://www.dailyscript.com/scripts/thepianolesson.html
m568 , the sting ,1973,8.4,67231," ['comedy', 'crime', 'drama']", http://www.dailyscript.com/scripts/Sting
m569 , the thin man ,1934,8.1,11936," ['comedy', 'crime', 'drama', 'mystery', 'romance']", http://www.geocities.com/kingrr/thin.html
m570 , three kings ,1999,7.3,69757," ['action', 'adventure', 'comedy', 'drama', 'war']", http://www.dailyscript.com/scripts/three-kings_unproduced.html
m571 , thx 1138 ,1971,6.8,15741," ['drama', 'mystery', 'sci-fi', 'thriller']", http://www.scifiscripts.com/scripts/thx1138.txt
m572 , ticker ,2001,3.3,3933," ['action', 'thriller', 'crime']", http://www.dailyscript.com/scripts/ticker.html
m573 , trouble in paradise ,1932,8.2,4781," ['comedy', 'crime', 'romance']", http://www.aellea.com/emruf3/tip.html
m574 , titanic ,1997,7.4,244771," ['drama', 'history', 'romance']", http://www.dailyscript.com/scripts/Titanic.txt
m575 , transatlantic merry-go-round ,1934,6.9,53," ['comedy', 'musical', 'mystery', 'romance']", http://www.aellea.com/emruf3/tm.html
m576 , tombstone ,1993,7.7,44204," ['action', 'drama', 'history', 'romance', 'western']", http://www.dailyscript.com/scripts/tomb_stone.html
m577 , tomorrow never dies ,1997,6.4,47198," ['action', 'adventure', 'thriller']", http://www.awesomefilm.com/script/tomorrowneverdies.txt
m578 , to sleep with anger ,1990,6.8,490, ['drama'], http://www.dailyscript.com/scripts/tosleepwithanger.html
m579 , toy story ,1995,8.2,156231," ['animation', 'adventure', 'comedy', 'family', 'fantasy']", http://www.dailyscript.com/scripts/toy_story.html
m580 , the magic toyshop ,1987,6.2,90, ['fantasy'], http://www.aellea.com/emruf3/toyshop.html
m581 , traffic ,2000,7.8,86662," ['crime', 'drama', 'thriller']", http://www.dailyscript.com/scripts/Traffic.txt
m582 , trainspotting ,1996,8.2,153782," ['crime', 'drama']", http://www.awesomefilm.com/script/trainspotting.html
m583 , star trek v: the final frontier ,1989,5,20749," ['action', 'adventure', 'sci-fi', 'thriller']", http://www.scifiscripts.com/scripts/trek5.txt
m584 , tron ,1982,6.7,25903," ['action', 'adventure', 'sci-fi', 'thriller', 'sci-fi']", http://www.scifiscripts.com/scripts/tron.txt
m585 , true lies ,1994,7.2,81801," ['action', 'thriller']", http://www.awesomefilm.com/script/truelies.txt
m586 , true romance ,1993,7.9,74762," ['crime', 'romance', 'thriller']", http://www.awesomefilm.com/script/trueromance.html
m587 , twelve monkeys ,1995,8.1,173320," ['mystery', 'sci-fi', 'thriller']", http://www.horrorlair.com/scripts/twelvemonkeys.html
m588 , u-turn ,1973,5.8,37, ['drama'], http://www.dailyscript.com/scripts/u-turn_early.html
m589 , u turn ,1997,6.7,25388," ['crime', 'drama', 'thriller']", http://www.dailyscript.com/scripts/u-turn_shooting.html
m590 , unbreakable ,2000,7.3,98767," ['drama', 'fantasy', 'mystery', 'thriller']", http://www.dailyscript.com/scripts/Unbreakable.txt
m591 , unforgiven ,1992,8.3,101270," ['drama', 'western']", http://www.dailyscript.com/scripts/Unforgiven.txt
m592 , the usual suspects ,1995,8.7,272137," ['crime', 'mystery', 'thriller']", http://www.dailyscript.com/scripts/Usual%20Suspects
m593 , verdict ,1974,5.7,135, ['drama'], http://www.scifiscripts.com/msol/verdict.txt
m594 , vertigo ,1958,8.6,93524," ['crime', 'mystery', 'romance', 'thriller']", http://www.dailyscript.com/scripts/Vertigo.txt
m595 , very bad things ,1998,6,22977," ['comedy', 'crime', 'thriller']", http://www.dailyscript.com/scripts/Very+Bad+Things.txt
m596 , viridiana ,1961,8.2,6288, ['drama'], http://www.aellea.com/script/viridiana.txt
m597 , virtuosity ,1995,5.3,11191," ['action', 'crime', 'sci-fi', 'thriller']", http://www.dailyscript.com/scripts/virtuosity.html
m598 , wag the dog ,1997,7.1,36448," ['comedy', 'drama']", http://www.dailyscript.com/scripts/wag-the-dog_production.html
m599 , wall street ,1987,7.3,39082," ['crime', 'drama']", http://www.dailyscript.com/scripts/wall_street.html
m600 , waxwork ,1988,6,2596," ['comedy', 'fantasy', 'horror']", http://www.horrorlair.com/scripts/waxwork.txt
m601 , what lies beneath ,2000,6.5,46195," ['drama', 'horror', 'mystery', 'thriller']", http://www.dailyscript.com/scripts/What+Lies+Beneath.txt
m602 , what women want ,2000,6.3,55269," ['comedy', 'fantasy', 'romance']", http://www.awesomefilm.com/script/whatwomenwant.html
m603 , the witching hour ,1996,6.5,69," ['documentary', 'short']", http://www.scifiscripts.com/scripts/whitching_hour.txt
m604 , white angel ,1994,4.4,99," ['drama', 'thriller']", http://www.horrorlair.com/scripts/whiteang.txt
m605 , who's your daddy? ,2003,I ,4.5,2267, http://www.cvisual.com/film-techniques/whos-your-daddy-by-maria-veltre-and-jack-sekowski.txt
m606 , wild things ,1998,6.6,40523," ['crime', 'mystery', 'thriller']", http://www.dailyscript.com/scripts/Wild+Things.txt
m607 , wild wild west ,1999,4.3,54943," ['action', 'western', 'comedy', 'sci-fi']", http://www.scifiscripts.com/scripts/wildwest.txt
m608 , willow ,1988,7.1,33506," ['action', 'adventure', 'drama', 'fantasy', 'romance']", http://www.scifiscripts.com/scripts/willow.txt
m609 , witness ,1985,7.6,30705," ['drama', 'romance', 'thriller']", http://www.dailyscript.com/scripts/Witness.txt
m610 , the wizard of oz ,1939,8.3,104873," ['adventure', 'family', 'fantasy', 'musical']", http://www.scifiscripts.com/scripts/wizoz.txt
m611 , the world is not enough ,1999,6.3,60047," ['action', 'adventure', 'thriller']", http://www.awesomefilm.com/script/worldisnotenough.txt
m612 , watchmen ,2009,7.8,135229," ['action', 'crime', 'fantasy', 'mystery', 'sci-fi', 'thriller']", http://www.scifiscripts.com/scripts/wtchmn.txt
m613 , xxx ,2002,5.6,53505," ['action', 'adventure', 'crime']", http://www.dailyscript.com/scripts/xXx.txt
m614 , x-men ,2000,7.4,122149," ['action', 'sci-fi']", http://www.scifiscripts.com/scripts/xmenthing.txt
m615 , young frankenstein ,1974,8,57618," ['comedy', 'sci-fi']", http://www.horrorlair.com/scripts/young.txt
m616 , zulu dawn ,1979,6.4,1911," ['action', 'adventure', 'drama', 'history', 'war']", http://www.aellea.com/script/zuludawn.txt
